#FirstName|LastName|FullName|EmailAddress|UserName
Tim|Forsman|Tim Forsman|t.forsman.4@me.com|t.forsman.4|
Joacim|Carlström|Joacim Carlström|joacim.carlstrom.79@live.com|joacim.carlstrom.79|
Elliot|Westin|Elliot Westin|ewestin85@ymail.com|ewestin85|
Angela|Edman|Angela Edman|a.edman@protonmail.com|a.edman|
Carin|Molander|Carin Molander|carin_molander@gmx.net|carin_molander|
Ann-Sofie|Wahlström|Ann-Sofie Wahlström|awahlstrom@sina.com|awahlstrom|
Siri|Hultberg|Siri Hultberg|shultberg@mail.com|shultberg|
Joacim|Forsgren|Joacim Forsgren|j_forsgren@mail.com|j_forsgren|
Rebecka|Rundqvist|Rebecka Rundqvist|rebecka_rundqvist@yahoo.com|rebecka_rundqvist|
Carolina|Edgren|Carolina Edgren|c.edgren@live.se|c.edgren|
Anki|Thor|Anki Thor|a_thor_2@yahoo.se|a_thor_2|
Mohammed|Edin|Mohammed Edin|m.edin.88@gmail.com|m.edin.88|
Sanna|Löfström|Sanna Löfström|sannalofstrom98@yandex.com|sannalofstrom98|
Peder|Ohlin|Peder Ohlin|pohlin99@yahoo.se|pohlin99|
Alan|Liljedahl|Alan Liljedahl|alanliljedahl@mail.com|alanliljedahl|
Ella|Bolin|Ella Bolin|ebolin@telia.com|ebolin|
Tony|Hammer|Tony Hammer|t_hammer_84@hotmail.se|t_hammer_84|
Olivia|Norin|Olivia Norin|o.norin@hotmail.se|o.norin|
Örjan|Diaz|Örjan Diaz|o_diaz@live.se|o_diaz|
Patrik|Hedin|Patrik Hedin|phedin@telia.com|phedin|
Jerry|Huss|Jerry Huss|j.huss@msn.com|j.huss|
Olga|Widén|Olga Widén|olga.widen.89@telia.com|olga.widen.89|
Svante|Edman|Svante Edman|s.edman@hotmail.se|s.edman|
Freddy|Abrahamsson|Freddy Abrahamsson|fabrahamsson@icloud.com|fabrahamsson|
Joel|Sundgren|Joel Sundgren|jsundgren93@hotmail.se|jsundgren93|
Tim|Forsman|Tim Forsman|t.forsman.4@me.com|t.forsman.4|
Joacim|Carlström|Joacim Carlström|joacim.carlstrom.79@live.com|joacim.carlstrom.79|
Elliot|Westin|Elliot Westin|ewestin85@ymail.com|ewestin85|
Angela|Edman|Angela Edman|a.edman@protonmail.com|a.edman|
Carin|Molander|Carin Molander|carin_molander@gmx.net|carin_molander|
Ann-Sofie|Wahlström|Ann-Sofie Wahlström|awahlstrom@sina.com|awahlstrom|
Siri|Hultberg|Siri Hultberg|shultberg@mail.com|shultberg|
Joacim|Forsgren|Joacim Forsgren|j_forsgren@mail.com|j_forsgren|
Rebecka|Rundqvist|Rebecka Rundqvist|rebecka_rundqvist@yahoo.com|rebecka_rundqvist|
Carolina|Edgren|Carolina Edgren|c.edgren@live.se|c.edgren|
Anki|Thor|Anki Thor|a_thor_2@yahoo.se|a_thor_2|
Mohammed|Edin|Mohammed Edin|m.edin.88@gmail.com|m.edin.88|
Sanna|Löfström|Sanna Löfström|sannalofstrom98@yandex.com|sannalofstrom98|
Peder|Ohlin|Peder Ohlin|pohlin99@yahoo.se|pohlin99|
Alan|Liljedahl|Alan Liljedahl|alanliljedahl@mail.com|alanliljedahl|
Ella|Bolin|Ella Bolin|ebolin@telia.com|ebolin|
Tony|Hammer|Tony Hammer|t_hammer_84@hotmail.se|t_hammer_84|
Olivia|Norin|Olivia Norin|o.norin@hotmail.se|o.norin|
Örjan|Diaz|Örjan Diaz|o_diaz@live.se|o_diaz|
Patrik|Hedin|Patrik Hedin|phedin@telia.com|phedin|
Jerry|Huss|Jerry Huss|j.huss@msn.com|j.huss|
Olga|Widén|Olga Widén|olga.widen.89@telia.com|olga.widen.89|
Svante|Edman|Svante Edman|s.edman@hotmail.se|s.edman|
Freddy|Abrahamsson|Freddy Abrahamsson|fabrahamsson@icloud.com|fabrahamsson|
Joel|Sundgren|Joel Sundgren|jsundgren93@hotmail.se|jsundgren93|
Hanna|Groth|Hanna Groth|h_groth@hotmail.se|h_groth|
Elena|Lund|Elena Lund|e.lund@icloud.com|e.lund|
Natalia|Singh|Natalia Singh|n.singh@yahoo.se|n.singh|
Olga|Sjöström|Olga Sjöström|osjostrom@hotmail.se|osjostrom|
Linnea|Lindback|Linnea Lindback|linnealindback@yandex.com|linnealindback|
Asa|Hammarstrand|Asa Hammarstrand|a.hammarstrand.94@icloud.com|a.hammarstrand.94|
Hampus|Ohlsson|Hampus Ohlsson|h.ohlsson@gmail.com|h.ohlsson|
Tor|Larson|Tor Larson|t.larson@live.se|t.larson|
Marie|Backström|Marie Backström|m_backstrom_85@mail.com|m_backstrom_85|
Alfred|Larson|Alfred Larson|alfred.larson@hotmail.se|alfred.larson|
Victoria|Mohammed|Victoria Mohammed|victoriamohammed4@hotmail.se|victoriamohammed4|
Fredric|Hagman|Fredric Hagman|fredrichagman91@gmail.com|fredrichagman91|
Henry|Beijer|Henry Beijer|h.beijer@yahoo.se|h.beijer|
Jerry|åkerblom|Jerry åkerblom|jerry.akerblom@icloud.com|jerry.akerblom|
Nicklas|Westling|Nicklas Westling|nicklas.westling@outlook.com|nicklas.westling|
Kurt|Berglund|Kurt Berglund|kurt.berglund@hotmail.se|kurt.berglund|
Sandra|Da Silva|Sandra Da Silva|sandradasilva@live.se|sandradasilva|
Erika|Wall|Erika Wall|erika.wall@telia.com|erika.wall|
Daniela|Nordin|Daniela Nordin|d.nordin.96@gmail.com|d.nordin.96|
Pelle|Franzen|Pelle Franzen|p.franzen@hotmail.se|p.franzen|
Ingemar|Peterson|Ingemar Peterson|ipeterson@me.com|ipeterson|
Fabian|Granath|Fabian Granath|f_granath@me.com|f_granath|
Jerker|Palsson|Jerker Palsson|j.palsson@hotmail.se|j.palsson|
Irina|Grahn|Irina Grahn|irina.grahn.90@outlook.com|irina.grahn.90|
Ragnar|Paulsson|Ragnar Paulsson|ragnar.paulsson@googlemail.com|ragnar.paulsson|
Magda-Lena|Hallin|Magda-Lena Hallin|magdalena.hallin@yandex.com|magdalena.hallin|
Tor|Sjögren|Tor Sjögren|torsjogren4@gmx.net|torsjogren4|
Carlos|Löf|Carlos Löf|clof@live.se|clof|
Ali|öhrn|Ali öhrn|aohrn98@hotmail.se|aohrn98|
Kristian|Stenman|Kristian Stenman|k.stenman@mac.com|k.stenman|
Gary|Ohlson|Gary Ohlson|g_ohlson@sina.com|g_ohlson|
Kent|Söderqvist|Kent Söderqvist|kentsoderqvist@yahoo.se|kentsoderqvist|
Frans|Lundh|Frans Lundh|f.lundh@protonmail.com|f.lundh|
Natalia|Thorén|Natalia Thorén|nthoren@hotmail.se|nthoren|
Rolf|Grönvall|Rolf Grönvall|rolf_gronvall@live.se|rolf_gronvall|
James|Norman|James Norman|j.norman.88@gmx.com|j.norman.88|
David|Månsson|David Månsson|david_mansson@telia.com|david_mansson|
Nicklas|Holgersson|Nicklas Holgersson|nicklas.holgersson@msn.com|nicklas.holgersson|
Nicolas|Nordmark|Nicolas Nordmark|n.nordmark.88@ymail.com|n.nordmark.88|
Sonja|Thuresson|Sonja Thuresson|sthuresson@yandex.com|sthuresson|
Lukas|Andrén|Lukas Andrén|lukas.andren@icloud.com|lukas.andren|
Ann-Sofie|Lennartsson|Ann-Sofie Lennartsson|annsofie_lennartsson@yahoo.se|annsofie_lennartsson|
Adam|Lidström|Adam Lidström|a.lidstrom@aol.com|a.lidstrom|
Kjell|Malmström|Kjell Malmström|k_malmstrom@live.se|k_malmstrom|
Frida|Erlandsson|Frida Erlandsson|f_erlandsson_72@yahoo.com|f_erlandsson_72|
Veronica|Borg|Veronica Borg|v.borg.90@telia.com|v.borg.90|
Frida|Bohlin|Frida Bohlin|f.bohlin@me.com|f.bohlin|
Samuel|Frost|Samuel Frost|samuel.frost@yahoo.se|samuel.frost|
Sophia|Jimenez|Sophia Jimenez|s_jimenez@live.se|s_jimenez|
Alfred|Edlund|Alfred Edlund|alfrededlund89@telia.com|alfrededlund89|
Charlotte|Rosberg|Charlotte Rosberg|charlotte.rosberg.75@msn.com|charlotte.rosberg.75|
Mona|Fischer|Mona Fischer|mona_fischer_1@mac.com|mona_fischer_1|
Mari-Anne|Oskarsson|Mari-Anne Oskarsson|m.oskarsson@gmx.net|m.oskarsson|
Mona|Nylander|Mona Nylander|mona.nylander@yahoo.com|mona.nylander|
Mario|Nordlander|Mario Nordlander|mnordlander@googlemail.com|mnordlander|
Filip|Bjurström|Filip Bjurström|f_bjurstrom_81@yandex.com|f_bjurstrom_81|
Kalle|Edman|Kalle Edman|kalle.edman@ymail.com|kalle.edman|
Charlie|Fridell|Charlie Fridell|cfridell@hotmail.se|cfridell|
Benny|Almqvist|Benny Almqvist|benny.almqvist@mail.com|benny.almqvist|
Therese|Jarl|Therese Jarl|t.jarl.77@yandex.com|t.jarl.77|
Klas|Johnsson|Klas Johnsson|klasjohnsson90@yahoo.com|klasjohnsson90|
Hampus|österlund|Hampus österlund|hosterlund@sina.com|hosterlund|
Nils|Ljung|Nils Ljung|nljung@ymail.com|nljung|
Ulrica|Lindahl|Ulrica Lindahl|u.lindahl@hotmail.se|u.lindahl|
Josephine|Hultgren|Josephine Hultgren|j.hultgren@gmx.com|j.hultgren|
Paula|Hemmingsson|Paula Hemmingsson|paulahemmingsson@yahoo.se|paulahemmingsson|
Isa-Bella|Landin|Isa-Bella Landin|i_landin@hotmail.com|i_landin|
Sami|Torstensson|Sami Torstensson|s_torstensson_96@yahoo.com|s_torstensson_96|
Åke|Loven|Åke Loven|ake.loven.85@googlemail.com|ake.loven.85|
Jens|Palsson|Jens Palsson|j.palsson@gmx.com|j.palsson|
Jocke|Sjöstrand|Jocke Sjöstrand|jsjostrand@aol.com|jsjostrand|
Anja|Singh|Anja Singh|anjasingh@gmx.com|anjasingh|
Pablo|Elfving|Pablo Elfving|pelfving@hotmail.se|pelfving|
Morten|Lindh|Morten Lindh|m_lindh@googlemail.com|m_lindh|
Daniel|Juhlin|Daniel Juhlin|d.juhlin@gmail.com|d.juhlin|